k,inertia,silhouette
2,7484.209673921025,0.005623538475706932
3,7445.743152866273,0.004805297177225451
4,7412.301362985909,0.005786532669294443
5,7383.287093240318,0.006745902739914218
6,7358.6693357881195,0.007274513921064539
7,7338.405270427995,0.007456996977839695
8,7317.55316236787,0.007907386290139153
9,7301.443905019561,0.0077473846602612905
10,7284.250347026105,0.008564851963030171
