cluster,cluster_name,match_ratio,total
0,CAMERA,0.7672413793103449,348
1,FEATURES,0.577962577962578,481
2,CAMERA,0.21261160714285715,1792
3,BATTERY,0.19878296146044624,493
4,PERFORMANCE,0.24972129319955408,897
5,FEATURES,0.35687732342007433,1614
6,CAMERA,0.7884615384615384,312
7,BATTERY,0.6318807339449541,872
8,CAMERA,0.2653061224489796,588
9,BATTERY,0.2802056555269923,389
