baseline_f1_macro,f1_macro,f1_weighted,accuracy,precision_macro,recall_macro,cv_mean,cv_std
0.2218221822182218,0.6631433453164516,0.7999707902084082,0.8008093525179856,0.6635129665732798,0.6629129038878506,0.6418601217888362,0.013102257925343594
